ejecucion,repeticion,n,poblacion,tasa_mutacion,elitismo,max_generaciones,semilla,mejor_solucion,conflictos,generacion_mejor,generaciones_ejecutadas,tiempo_segundos,exito
n6_p50_m0.05_r01,1,6,50,0.05,2,500,2026,"[3, 0, 4, 1, 5, 2]",0,2,2,0.021856100000150036,True
n6_p50_m0.05_r02,2,6,50,0.05,2,500,2027,"[2, 5, 3, 1, 0, 4]",1,0,500,1.7031151999981375,False
n6_p50_m0.05_r03,3,6,50,0.05,2,500,2028,"[3, 0, 4, 1, 5, 2]",0,2,2,0.00949160000163829,True
n6_p50_m0.05_r04,4,6,50,0.05,2,500,2029,"[1, 3, 5, 0, 2, 4]",0,0,0,0.0013844999994034879,True
n6_p50_m0.05_r05,5,6,50,0.05,2,500,2030,"[0, 5, 3, 1, 4, 2]",1,0,500,1.653389300001436,False
n6_p50_m0.05_r06,6,6,50,0.05,2,500,2031,"[1, 3, 5, 0, 2, 4]",0,4,4,0.011803000001236796,True
n6_p50_m0.05_r07,7,6,50,0.05,2,500,2032,"[2, 5, 1, 4, 0, 3]",0,2,2,0.014546700000209967,True
n6_p50_m0.05_r08,8,6,50,0.05,2,500,2033,"[5, 2, 4, 1, 3, 0]",1,0,500,1.5822079999998095,False
n6_p50_m0.05_r09,9,6,50,0.05,2,500,2034,"[4, 2, 0, 5, 3, 1]",0,0,0,0.001023100001475541,True
n6_p50_m0.05_r10,10,6,50,0.05,2,500,2035,"[3, 5, 2, 4, 1, 0]",1,0,500,1.717608899998595,False
n6_p50_m0.10_r01,1,6,50,0.1,2,500,2026,"[2, 0, 5, 4, 1, 3]",1,0,500,1.5506246000004467,False
n6_p50_m0.10_r02,2,6,50,0.1,2,500,2027,"[2, 5, 1, 4, 0, 3]",0,3,3,0.011232799999561394,True
n6_p50_m0.10_r03,3,6,50,0.1,2,500,2028,"[3, 0, 4, 1, 5, 2]",0,2,2,0.00983500000074855,True
n6_p50_m0.10_r04,4,6,50,0.1,2,500,2029,"[1, 3, 5, 0, 2, 4]",0,0,0,0.001218400000652764,True
n6_p50_m0.10_r05,5,6,50,0.1,2,500,2030,"[3, 0, 4, 1, 5, 2]",0,2,2,0.01067970000076457,True
n6_p50_m0.10_r06,6,6,50,0.1,2,500,2031,"[3, 5, 0, 1, 4, 2]",1,0,500,1.6278290999980527,False
n6_p50_m0.10_r07,7,6,50,0.1,2,500,2032,"[2, 5, 1, 4, 0, 3]",0,2,2,0.019070900001679547,True
n6_p50_m0.10_r08,8,6,50,0.1,2,500,2033,"[5, 2, 4, 1, 3, 0]",1,0,500,1.5359803999999713,False
n6_p50_m0.10_r09,9,6,50,0.1,2,500,2034,"[4, 2, 0, 5, 3, 1]",0,0,0,0.0013968000021122862,True
n6_p50_m0.10_r10,10,6,50,0.1,2,500,2035,"[3, 0, 4, 1, 5, 2]",0,1,1,0.0036889000002702232,True
n6_p50_m0.20_r01,1,6,50,0.2,2,500,2026,"[2, 0, 5, 4, 1, 3]",1,0,500,1.6580594000006386,False
n6_p50_m0.20_r02,2,6,50,0.2,2,500,2027,"[2, 5, 1, 4, 0, 3]",0,1,1,0.004043900000397116,True
n6_p50_m0.20_r03,3,6,50,0.2,2,500,2028,"[1, 3, 5, 0, 2, 4]",0,3,3,0.013220599998021498,True
n6_p50_m0.20_r04,4,6,50,0.2,2,500,2029,"[1, 3, 5, 0, 2, 4]",0,0,0,0.0008010999990801793,True
n6_p50_m0.20_r05,5,6,50,0.2,2,500,2030,"[4, 2, 0, 5, 3, 1]",0,385,385,1.288232999999309,True
n6_p50_m0.20_r06,6,6,50,0.2,2,500,2031,"[4, 2, 0, 5, 3, 1]",0,5,5,0.015149599999858765,True
n6_p50_m0.20_r07,7,6,50,0.2,2,500,2032,"[2, 5, 1, 4, 0, 3]",0,2,2,0.008265100001153769,True
n6_p50_m0.20_r08,8,6,50,0.2,2,500,2033,"[4, 2, 0, 5, 3, 1]",0,3,3,0.014657899999292567,True
n6_p50_m0.20_r09,9,6,50,0.2,2,500,2034,"[4, 2, 0, 5, 3, 1]",0,0,0,0.0007774000005156267,True
n6_p50_m0.20_r10,10,6,50,0.2,2,500,2035,"[3, 0, 4, 1, 5, 2]",0,1,1,0.004155499998887535,True
n6_p100_m0.05_r01,1,6,100,0.05,2,500,2026,"[1, 3, 5, 0, 2, 4]",0,3,3,0.029246000001876382,True
n6_p100_m0.05_r02,2,6,100,0.05,2,500,2027,"[4, 2, 0, 5, 3, 1]",0,3,3,0.017704200003208825,True
n6_p100_m0.05_r03,3,6,100,0.05,2,500,2028,"[2, 5, 1, 4, 0, 3]",0,0,0,0.0021732999994128477,True
n6_p100_m0.05_r04,4,6,100,0.05,2,500,2029,"[1, 3, 5, 0, 2, 4]",0,0,0,0.0014486000000033528,True
n6_p100_m0.05_r05,5,6,100,0.05,2,500,2030,"[4, 2, 0, 5, 3, 1]",0,1,1,0.010174400002142647,True
n6_p100_m0.05_r06,6,6,100,0.05,2,500,2031,"[3, 0, 4, 1, 5, 2]",0,5,5,0.03854150000188383,True
n6_p100_m0.05_r07,7,6,100,0.05,2,500,2032,"[2, 5, 1, 4, 0, 3]",0,2,2,0.01906550000057905,True
n6_p100_m0.05_r08,8,6,100,0.05,2,500,2033,"[4, 2, 0, 5, 3, 1]",0,1,1,0.007424100000207545,True
n6_p100_m0.05_r09,9,6,100,0.05,2,500,2034,"[4, 2, 0, 5, 3, 1]",0,0,0,0.0015223000009427778,True
n6_p100_m0.05_r10,10,6,100,0.05,2,500,2035,"[3, 0, 4, 1, 5, 2]",0,2,2,0.013078899999527493,True
n6_p100_m0.10_r01,1,6,100,0.1,2,500,2026,"[1, 3, 5, 0, 2, 4]",0,2,2,0.018036000001302455,True
n6_p100_m0.10_r02,2,6,100,0.1,2,500,2027,"[2, 5, 1, 4, 0, 3]",0,2,2,0.013794300000881776,True
n6_p100_m0.10_r03,3,6,100,0.1,2,500,2028,"[2, 5, 1, 4, 0, 3]",0,0,0,0.0020232999995641876,True
n6_p100_m0.10_r04,4,6,100,0.1,2,500,2029,"[1, 3, 5, 0, 2, 4]",0,0,0,0.0014486000000033528,True
n6_p100_m0.10_r05,5,6,100,0.1,2,500,2030,"[1, 3, 5, 0, 2, 4]",0,2,2,0.012309400000958703,True
n6_p100_m0.10_r06,6,6,100,0.1,2,500,2031,"[2, 5, 1, 4, 0, 3]",0,3,3,0.021237000000837725,True
n6_p100_m0.10_r07,7,6,100,0.1,2,500,2032,"[3, 0, 4, 1, 5, 2]",0,3,3,0.018456300000252668,True
n6_p100_m0.10_r08,8,6,100,0.1,2,500,2033,"[2, 5, 1, 4, 0, 3]",0,4,4,0.028684299999440555,True
n6_p100_m0.10_r09,9,6,100,0.1,2,500,2034,"[4, 2, 0, 5, 3, 1]",0,0,0,0.0014389999996637926,True
n6_p100_m0.10_r10,10,6,100,0.1,2,500,2035,"[3, 0, 4, 1, 5, 2]",0,1,1,0.011145100001158426,True
n6_p100_m0.20_r01,1,6,100,0.2,2,500,2026,"[1, 3, 5, 0, 2, 4]",0,3,3,0.02380289999928209,True
n6_p100_m0.20_r02,2,6,100,0.2,2,500,2027,"[1, 3, 5, 0, 2, 4]",0,3,3,0.01962219999768422,True
n6_p100_m0.20_r03,3,6,100,0.2,2,500,2028,"[2, 5, 1, 4, 0, 3]",0,0,0,0.0014871999992465135,True
n6_p100_m0.20_r04,4,6,100,0.2,2,500,2029,"[1, 3, 5, 0, 2, 4]",0,0,0,0.0016843999983393587,True
n6_p100_m0.20_r05,5,6,100,0.2,2,500,2030,"[1, 3, 5, 0, 2, 4]",0,5,5,0.051120000000082655,True
n6_p100_m0.20_r06,6,6,100,0.2,2,500,2031,"[2, 5, 1, 4, 0, 3]",0,8,8,0.0465942000009818,True
n6_p100_m0.20_r07,7,6,100,0.2,2,500,2032,"[2, 5, 1, 4, 0, 3]",0,133,133,0.9462396999988414,True
n6_p100_m0.20_r08,8,6,100,0.2,2,500,2033,"[2, 5, 1, 4, 0, 3]",0,1,1,0.00795999999900232,True
n6_p100_m0.20_r09,9,6,100,0.2,2,500,2034,"[4, 2, 0, 5, 3, 1]",0,0,0,0.0023836000000301283,True
n6_p100_m0.20_r10,10,6,100,0.2,2,500,2035,"[1, 3, 5, 0, 2, 4]",0,1,1,0.007211499996628845,True
n6_p200_m0.05_r01,1,6,200,0.05,2,500,2026,"[3, 0, 4, 1, 5, 2]",0,1,1,0.018164400000387104,True
n6_p200_m0.05_r02,2,6,200,0.05,2,500,2027,"[3, 0, 4, 1, 5, 2]",0,2,2,0.030466500000329688,True
n6_p200_m0.05_r03,3,6,200,0.05,2,500,2028,"[2, 5, 1, 4, 0, 3]",0,0,0,0.003309100000478793,True
n6_p200_m0.05_r04,4,6,200,0.05,2,500,2029,"[1, 3, 5, 0, 2, 4]",0,0,0,0.002888799997890601,True
n6_p200_m0.05_r05,5,6,200,0.05,2,500,2030,"[1, 3, 5, 0, 2, 4]",0,1,1,0.013357599997107172,True
n6_p200_m0.05_r06,6,6,200,0.05,2,500,2031,"[1, 3, 5, 0, 2, 4]",0,1,1,0.01560809999864432,True
n6_p200_m0.05_r07,7,6,200,0.05,2,500,2032,"[4, 2, 0, 5, 3, 1]",0,1,1,0.022274999999353895,True
n6_p200_m0.05_r08,8,6,200,0.05,2,500,2033,"[2, 5, 1, 4, 0, 3]",0,2,2,0.04218899999978021,True
n6_p200_m0.05_r09,9,6,200,0.05,2,500,2034,"[4, 2, 0, 5, 3, 1]",0,0,0,0.0032916999989538454,True
n6_p200_m0.05_r10,10,6,200,0.05,2,500,2035,"[2, 5, 1, 4, 0, 3]",0,0,0,0.003020500000275206,True
n6_p200_m0.10_r01,1,6,200,0.1,2,500,2026,"[3, 0, 4, 1, 5, 2]",0,1,1,0.018057699999189936,True
n6_p200_m0.10_r02,2,6,200,0.1,2,500,2027,"[3, 0, 4, 1, 5, 2]",0,2,2,0.025184999998600688,True
n6_p200_m0.10_r03,3,6,200,0.1,2,500,2028,"[2, 5, 1, 4, 0, 3]",0,0,0,0.002844299997377675,True
n6_p200_m0.10_r04,4,6,200,0.1,2,500,2029,"[1, 3, 5, 0, 2, 4]",0,0,0,0.003807499997492414,True
n6_p200_m0.10_r05,5,6,200,0.1,2,500,2030,"[4, 2, 0, 5, 3, 1]",0,1,1,0.017157899997982895,True
n6_p200_m0.10_r06,6,6,200,0.1,2,500,2031,"[1, 3, 5, 0, 2, 4]",0,1,1,0.013920099998358637,True
n6_p200_m0.10_r07,7,6,200,0.1,2,500,2032,"[1, 3, 5, 0, 2, 4]",0,1,1,0.01432070000009844,True
n6_p200_m0.10_r08,8,6,200,0.1,2,500,2033,"[4, 2, 0, 5, 3, 1]",0,1,1,0.02433519999976852,True
n6_p200_m0.10_r09,9,6,200,0.1,2,500,2034,"[4, 2, 0, 5, 3, 1]",0,0,0,0.003478200000245124,True
n6_p200_m0.10_r10,10,6,200,0.1,2,500,2035,"[2, 5, 1, 4, 0, 3]",0,0,0,0.003231700000469573,True
n6_p200_m0.20_r01,1,6,200,0.2,2,500,2026,"[3, 0, 4, 1, 5, 2]",0,1,1,0.01548230000116746,True
n6_p200_m0.20_r02,2,6,200,0.2,2,500,2027,"[2, 5, 1, 4, 0, 3]",0,2,2,0.04826830000092741,True
n6_p200_m0.20_r03,3,6,200,0.2,2,500,2028,"[2, 5, 1, 4, 0, 3]",0,0,0,0.003459299998212373,True
n6_p200_m0.20_r04,4,6,200,0.2,2,500,2029,"[1, 3, 5, 0, 2, 4]",0,0,0,0.005270900001050904,True
n6_p200_m0.20_r05,5,6,200,0.2,2,500,2030,"[4, 2, 0, 5, 3, 1]",0,1,1,0.01538569999684114,True
n6_p200_m0.20_r06,6,6,200,0.2,2,500,2031,"[1, 3, 5, 0, 2, 4]",0,1,1,0.023138599997764686,True
n6_p200_m0.20_r07,7,6,200,0.2,2,500,2032,"[2, 5, 1, 4, 0, 3]",0,2,2,0.030687100002978696,True
n6_p200_m0.20_r08,8,6,200,0.2,2,500,2033,"[2, 5, 1, 4, 0, 3]",0,1,1,0.014550800002325559,True
n6_p200_m0.20_r09,9,6,200,0.2,2,500,2034,"[4, 2, 0, 5, 3, 1]",0,0,0,0.003123899998172419,True
n6_p200_m0.20_r10,10,6,200,0.2,2,500,2035,"[2, 5, 1, 4, 0, 3]",0,0,0,0.004503800002567004,True
n8_p50_m0.05_r01,1,8,50,0.05,2,500,2026,"[2, 5, 1, 6, 4, 0, 7, 3]",0,5,5,0.018942599999718368,True
n8_p50_m0.05_r02,2,8,50,0.05,2,500,2027,"[2, 4, 7, 0, 3, 1, 6, 5]",1,0,500,2.1073407999974734,False
n8_p50_m0.05_r03,3,8,50,0.05,2,500,2028,"[2, 5, 1, 6, 4, 0, 7, 3]",0,0,0,0.0019074999981967267,True
n8_p50_m0.05_r04,4,8,50,0.05,2,500,2029,"[4, 2, 0, 6, 1, 7, 5, 3]",0,9,9,0.05441570000039064,True
n8_p50_m0.05_r05,5,8,50,0.05,2,500,2030,"[2, 5, 7, 1, 3, 0, 6, 4]",0,2,2,0.008067299997492228,True
n8_p50_m0.05_r06,6,8,50,0.05,2,500,2031,"[6, 2, 0, 5, 7, 4, 1, 3]",0,1,1,0.004842499998630956,True
n8_p50_m0.05_r07,7,8,50,0.05,2,500,2032,"[2, 5, 7, 0, 4, 6, 1, 3]",0,1,1,0.004573800000798656,True
n8_p50_m0.05_r08,8,8,50,0.05,2,500,2033,"[4, 6, 0, 2, 7, 5, 3, 1]",0,254,254,1.1488675000000512,True
n8_p50_m0.05_r09,9,8,50,0.05,2,500,2034,"[7, 2, 0, 5, 3, 1, 6, 4]",1,0,500,2.0432613999983005,False
n8_p50_m0.05_r10,10,8,50,0.05,2,500,2035,"[3, 6, 2, 7, 1, 4, 0, 5]",0,100,100,0.44100580000304035,True
n8_p50_m0.10_r01,1,8,50,0.1,2,500,2026,"[4, 2, 7, 3, 6, 0, 5, 1]",0,4,4,0.015093200003320817,True
n8_p50_m0.10_r02,2,8,50,0.1,2,500,2027,"[6, 4, 2, 0, 5, 7, 1, 3]",0,76,76,0.3085503999973298,True
n8_p50_m0.10_r03,3,8,50,0.1,2,500,2028,"[2, 5, 1, 6, 4, 0, 7, 3]",0,0,0,0.0011334999981045257,True
n8_p50_m0.10_r04,4,8,50,0.1,2,500,2029,"[4, 6, 1, 5, 2, 0, 3, 7]",0,4,4,0.015579800001432886,True
n8_p50_m0.10_r05,5,8,50,0.1,2,500,2030,"[2, 5, 1, 4, 7, 0, 6, 3]",0,6,6,0.022836399999505375,True
n8_p50_m0.10_r06,6,8,50,0.1,2,500,2031,"[6, 2, 0, 5, 7, 4, 1, 3]",0,1,1,0.004783700002008118,True
n8_p50_m0.10_r07,7,8,50,0.1,2,500,2032,"[2, 5, 7, 0, 4, 6, 1, 3]",0,1,1,0.013756600001215702,True
n8_p50_m0.10_r08,8,8,50,0.1,2,500,2033,"[2, 5, 1, 4, 7, 0, 6, 3]",0,5,5,0.03424780000204919,True
n8_p50_m0.10_r09,9,8,50,0.1,2,500,2034,"[6, 2, 0, 5, 7, 4, 1, 3]",0,4,4,0.015296999998099636,True
n8_p50_m0.10_r10,10,8,50,0.1,2,500,2035,"[5, 3, 1, 7, 4, 6, 0, 2]",0,17,17,0.06028119999973569,True
n8_p50_m0.20_r01,1,8,50,0.2,2,500,2026,"[3, 0, 4, 7, 5, 2, 6, 1]",0,12,12,0.05866779999996652,True
n8_p50_m0.20_r02,2,8,50,0.2,2,500,2027,"[2, 5, 7, 1, 3, 0, 6, 4]",0,7,7,0.027190900000277907,True
n8_p50_m0.20_r03,3,8,50,0.2,2,500,2028,"[2, 5, 1, 6, 4, 0, 7, 3]",0,0,0,0.0018029999991995282,True
n8_p50_m0.20_r04,4,8,50,0.2,2,500,2029,"[4, 6, 1, 5, 2, 0, 3, 7]",0,5,5,0.01850439999907394,True
n8_p50_m0.20_r05,5,8,50,0.2,2,500,2030,"[3, 1, 6, 2, 5, 7, 4, 0]",0,3,3,0.012287599998671794,True
n8_p50_m0.20_r06,6,8,50,0.2,2,500,2031,"[6, 2, 0, 5, 7, 4, 1, 3]",0,1,1,0.007939399998576846,True
n8_p50_m0.20_r07,7,8,50,0.2,2,500,2032,"[4, 1, 3, 6, 2, 7, 5, 0]",0,6,6,0.022777800000767456,True
n8_p50_m0.20_r08,8,8,50,0.2,2,500,2033,"[1, 4, 6, 3, 0, 7, 5, 2]",0,7,7,0.027758000000176253,True
n8_p50_m0.20_r09,9,8,50,0.2,2,500,2034,"[6, 2, 0, 5, 7, 4, 1, 3]",0,6,6,0.04234290000022156,True
n8_p50_m0.20_r10,10,8,50,0.2,2,500,2035,"[1, 3, 5, 7, 2, 0, 6, 4]",0,3,3,0.016209899997193133,True
n8_p100_m0.05_r01,1,8,100,0.05,2,500,2026,"[0, 4, 7, 5, 2, 6, 1, 3]",0,0,0,0.0025377999991178513,True
n8_p100_m0.05_r02,2,8,100,0.05,2,500,2027,"[7, 3, 0, 2, 5, 1, 6, 4]",0,4,4,0.053149800001847325,True
n8_p100_m0.05_r03,3,8,100,0.05,2,500,2028,"[2, 5, 1, 6, 4, 0, 7, 3]",0,0,0,0.002193000000261236,True
n8_p100_m0.05_r04,4,8,100,0.05,2,500,2029,"[4, 6, 1, 5, 2, 0, 7, 3]",0,2,2,0.016154199998709373,True
n8_p100_m0.05_r05,5,8,100,0.05,2,500,2030,"[5, 3, 6, 0, 2, 4, 1, 7]",0,2,2,0.015767299999424722,True
n8_p100_m0.05_r06,6,8,100,0.05,2,500,2031,"[6, 1, 3, 0, 7, 4, 2, 5]",0,2,2,0.019674799998028902,True
n8_p100_m0.05_r07,7,8,100,0.05,2,500,2032,"[1, 6, 2, 5, 7, 4, 0, 3]",0,1,1,0.00916990000041551,True
n8_p100_m0.05_r08,8,8,100,0.05,2,500,2033,"[1, 6, 2, 5, 7, 4, 0, 3]",0,3,3,0.02860020000298391,True
n8_p100_m0.05_r09,9,8,100,0.05,2,500,2034,"[6, 1, 5, 2, 0, 3, 7, 4]",0,3,3,0.0244323999977496,True
n8_p100_m0.05_r10,10,8,100,0.05,2,500,2035,"[4, 6, 1, 3, 7, 0, 2, 5]",0,3,3,0.02648870000120951,True
n8_p100_m0.10_r01,1,8,100,0.1,2,500,2026,"[0, 4, 7, 5, 2, 6, 1, 3]",0,0,0,0.002630200000567129,True
n8_p100_m0.10_r02,2,8,100,0.1,2,500,2027,"[2, 5, 3, 0, 7, 4, 6, 1]",0,4,4,0.03072519999841461,True
n8_p100_m0.10_r03,3,8,100,0.1,2,500,2028,"[2, 5, 1, 6, 4, 0, 7, 3]",0,0,0,0.002395999999862397,True
n8_p100_m0.10_r04,4,8,100,0.1,2,500,2029,"[2, 4, 6, 0, 3, 1, 7, 5]",0,10,10,0.09848229999988689,True
n8_p100_m0.10_r05,5,8,100,0.1,2,500,2030,"[5, 2, 6, 3, 0, 7, 1, 4]",0,6,6,0.07543450000230223,True
n8_p100_m0.10_r06,6,8,100,0.1,2,500,2031,"[5, 3, 1, 7, 4, 6, 0, 2]",0,2,2,0.01666019999902346,True
n8_p100_m0.10_r07,7,8,100,0.1,2,500,2032,"[1, 6, 2, 5, 7, 4, 0, 3]",0,1,1,0.01070389999949839,True
n8_p100_m0.10_r08,8,8,100,0.1,2,500,2033,"[4, 0, 7, 3, 1, 6, 2, 5]",0,3,3,0.04523189999963506,True
n8_p100_m0.10_r09,9,8,100,0.1,2,500,2034,"[7, 3, 0, 2, 5, 1, 6, 4]",0,3,3,0.0299726000012015,True
n8_p100_m0.10_r10,10,8,100,0.1,2,500,2035,"[4, 6, 1, 3, 7, 0, 2, 5]",0,5,5,0.05044859999907203,True
n8_p100_m0.20_r01,1,8,100,0.2,2,500,2026,"[0, 4, 7, 5, 2, 6, 1, 3]",0,0,0,0.004629600000043865,True
n8_p100_m0.20_r02,2,8,100,0.2,2,500,2027,"[4, 1, 3, 6, 2, 7, 5, 0]",0,3,3,0.023424499999237014,True
n8_p100_m0.20_r03,3,8,100,0.2,2,500,2028,"[2, 5, 1, 6, 4, 0, 7, 3]",0,0,0,0.002847499999916181,True
n8_p100_m0.20_r04,4,8,100,0.2,2,500,2029,"[4, 2, 0, 6, 1, 7, 5, 3]",0,2,2,0.016653899998345878,True
n8_p100_m0.20_r05,5,8,100,0.2,2,500,2030,"[2, 5, 7, 0, 3, 6, 4, 1]",0,2,2,0.027406399996834807,True
n8_p100_m0.20_r06,6,8,100,0.2,2,500,2031,"[4, 7, 3, 0, 2, 5, 1, 6]",0,3,3,0.034372399997664616,True
n8_p100_m0.20_r07,7,8,100,0.2,2,500,2032,"[2, 5, 7, 0, 4, 6, 1, 3]",0,1,1,0.02078040000196779,True
n8_p100_m0.20_r08,8,8,100,0.2,2,500,2033,"[6, 1, 5, 2, 0, 3, 7, 4]",0,2,2,0.01632640000025276,True
n8_p100_m0.20_r09,9,8,100,0.2,2,500,2034,"[2, 0, 6, 4, 7, 1, 3, 5]",0,3,3,0.026690099999541417,True
n8_p100_m0.20_r10,10,8,100,0.2,2,500,2035,"[1, 5, 0, 6, 3, 7, 2, 4]",0,3,3,0.04101230000014766,True
n8_p200_m0.05_r01,1,8,200,0.05,2,500,2026,"[0, 4, 7, 5, 2, 6, 1, 3]",0,0,0,0.004595399997924687,True
n8_p200_m0.05_r02,2,8,200,0.05,2,500,2027,"[1, 5, 0, 6, 3, 7, 2, 4]",0,5,5,0.08901410000180476,True
n8_p200_m0.05_r03,3,8,200,0.05,2,500,2028,"[2, 5, 1, 6, 4, 0, 7, 3]",0,0,0,0.005178400002478156,True
n8_p200_m0.05_r04,4,8,200,0.05,2,500,2029,"[5, 2, 4, 6, 0, 3, 1, 7]",0,1,1,0.018087199998262804,True
n8_p200_m0.05_r05,5,8,200,0.05,2,500,2030,"[4, 6, 0, 3, 1, 7, 5, 2]",0,0,0,0.004891399999905843,True
n8_p200_m0.05_r06,6,8,200,0.05,2,500,2031,"[0, 6, 3, 5, 7, 1, 4, 2]",0,0,0,0.005353699998522643,True
n8_p200_m0.05_r07,7,8,200,0.05,2,500,2032,"[5, 3, 0, 4, 7, 1, 6, 2]",0,1,1,0.01846289999957662,True
n8_p200_m0.05_r08,8,8,200,0.05,2,500,2033,"[3, 7, 0, 2, 5, 1, 6, 4]",0,1,1,0.018439599996781908,True
n8_p200_m0.05_r09,9,8,200,0.05,2,500,2034,"[7, 3, 0, 2, 5, 1, 6, 4]",0,1,1,0.020927600002323743,True
n8_p200_m0.05_r10,10,8,200,0.05,2,500,2035,"[6, 2, 0, 5, 7, 4, 1, 3]",0,3,3,0.047398400001839036,True
n8_p200_m0.10_r01,1,8,200,0.1,2,500,2026,"[0, 4, 7, 5, 2, 6, 1, 3]",0,0,0,0.006159199998364784,True
n8_p200_m0.10_r02,2,8,200,0.1,2,500,2027,"[4, 2, 7, 3, 6, 0, 5, 1]",0,2,2,0.041386299999430776,True
n8_p200_m0.10_r03,3,8,200,0.1,2,500,2028,"[2, 5, 1, 6, 4, 0, 7, 3]",0,0,0,0.005269900000712369,True
n8_p200_m0.10_r04,4,8,200,0.1,2,500,2029,"[5, 2, 4, 6, 0, 3, 1, 7]",0,1,1,0.01885789999869303,True
n8_p200_m0.10_r05,5,8,200,0.1,2,500,2030,"[4, 6, 0, 3, 1, 7, 5, 2]",0,0,0,0.004220300001179567,True
n8_p200_m0.10_r06,6,8,200,0.1,2,500,2031,"[0, 6, 3, 5, 7, 1, 4, 2]",0,0,0,0.004457400002138456,True
n8_p200_m0.10_r07,7,8,200,0.1,2,500,2032,"[5, 3, 0, 4, 7, 1, 6, 2]",0,1,1,0.018565599999419646,True
n8_p200_m0.10_r08,8,8,200,0.1,2,500,2033,"[3, 5, 0, 4, 1, 7, 2, 6]",0,1,1,0.01826939999955357,True
n8_p200_m0.10_r09,9,8,200,0.1,2,500,2034,"[7, 3, 0, 2, 5, 1, 6, 4]",0,1,1,0.021120400000654627,True
n8_p200_m0.10_r10,10,8,200,0.1,2,500,2035,"[1, 5, 0, 6, 3, 7, 2, 4]",0,4,4,0.07798149999871384,True
n8_p200_m0.20_r01,1,8,200,0.2,2,500,2026,"[0, 4, 7, 5, 2, 6, 1, 3]",0,0,0,0.004770899999130052,True
n8_p200_m0.20_r02,2,8,200,0.2,2,500,2027,"[4, 6, 0, 2, 7, 5, 3, 1]",0,4,4,0.09669579999899724,True
n8_p200_m0.20_r03,3,8,200,0.2,2,500,2028,"[2, 5, 1, 6, 4, 0, 7, 3]",0,0,0,0.004474800000025425,True
n8_p200_m0.20_r04,4,8,200,0.2,2,500,2029,"[1, 5, 7, 2, 0, 3, 6, 4]",0,1,1,0.028397800000675488,True
n8_p200_m0.20_r05,5,8,200,0.2,2,500,2030,"[4, 6, 0, 3, 1, 7, 5, 2]",0,0,0,0.00554299999930663,True
n8_p200_m0.20_r06,6,8,200,0.2,2,500,2031,"[0, 6, 3, 5, 7, 1, 4, 2]",0,0,0,0.004248799999913899,True
n8_p200_m0.20_r07,7,8,200,0.2,2,500,2032,"[1, 6, 2, 5, 7, 4, 0, 3]",0,1,1,0.021584699999948498,True
n8_p200_m0.20_r08,8,8,200,0.2,2,500,2033,"[4, 6, 0, 3, 1, 7, 5, 2]",0,4,4,0.0668584999984887,True
n8_p200_m0.20_r09,9,8,200,0.2,2,500,2034,"[4, 0, 7, 5, 2, 6, 1, 3]",0,2,2,0.04580260000147973,True
n8_p200_m0.20_r10,10,8,200,0.2,2,500,2035,"[3, 7, 0, 4, 6, 1, 5, 2]",0,3,3,0.05079059999843594,True
