generacion,distancia_generacion,mejor_distancia
0,394.1616062717335,394.1616062717335
1,390.1474052633848,390.1474052633848
2,390.1474052633848,390.1474052633848
3,382.793638026146,382.793638026146
4,376.23411835747555,376.23411835747555
5,346.2754293187293,346.2754293187293
6,346.2754293187293,346.2754293187293
7,346.2754293187293,346.2754293187293
8,346.2754293187293,346.2754293187293
9,335.21393869705463,335.21393869705463
10,335.21393869705463,335.21393869705463
11,335.21393869705463,335.21393869705463
12,329.31823027761055,329.31823027761055
13,329.31823027761055,329.31823027761055
14,329.31823027761055,329.31823027761055
15,329.31823027761055,329.31823027761055
16,329.31823027761055,329.31823027761055
17,329.31823027761055,329.31823027761055
18,329.31823027761055,329.31823027761055
19,329.31823027761055,329.31823027761055
20,329.31823027761055,329.31823027761055
21,329.31823027761055,329.31823027761055
22,329.31823027761055,329.31823027761055
23,329.31823027761055,329.31823027761055
24,329.31823027761055,329.31823027761055
25,329.31823027761055,329.31823027761055
26,329.31823027761055,329.31823027761055
27,329.31823027761055,329.31823027761055
28,329.31823027761055,329.31823027761055
29,329.31823027761055,329.31823027761055
30,329.31823027761055,329.31823027761055
31,329.31823027761055,329.31823027761055
32,329.31823027761055,329.31823027761055
33,329.31823027761055,329.31823027761055
34,329.31823027761055,329.31823027761055
35,329.31823027761055,329.31823027761055
36,329.31823027761055,329.31823027761055
37,329.31823027761055,329.31823027761055
38,329.31823027761055,329.31823027761055
39,329.31823027761055,329.31823027761055
40,329.31823027761055,329.31823027761055
41,329.31823027761055,329.31823027761055
42,329.31823027761055,329.31823027761055
43,329.31823027761055,329.31823027761055
44,329.31823027761055,329.31823027761055
45,329.31823027761055,329.31823027761055
46,329.31823027761055,329.31823027761055
47,329.31823027761055,329.31823027761055
48,329.31823027761055,329.31823027761055
49,329.31823027761055,329.31823027761055
50,329.31823027761055,329.31823027761055
51,329.31823027761055,329.31823027761055
52,329.31823027761055,329.31823027761055
53,329.31823027761055,329.31823027761055
54,329.31823027761055,329.31823027761055
55,329.31823027761055,329.31823027761055
56,329.31823027761055,329.31823027761055
57,329.31823027761055,329.31823027761055
58,329.31823027761055,329.31823027761055
59,329.31823027761055,329.31823027761055
60,329.31823027761055,329.31823027761055
61,329.31823027761055,329.31823027761055
62,329.31823027761055,329.31823027761055
63,329.31823027761055,329.31823027761055
64,329.31823027761055,329.31823027761055
65,329.31823027761055,329.31823027761055
66,329.31823027761055,329.31823027761055
67,329.31823027761055,329.31823027761055
68,329.31823027761055,329.31823027761055
69,329.31823027761055,329.31823027761055
70,329.31823027761055,329.31823027761055
71,329.31823027761055,329.31823027761055
72,329.31823027761055,329.31823027761055
73,329.31823027761055,329.31823027761055
74,329.31823027761055,329.31823027761055
75,329.31823027761055,329.31823027761055
76,329.31823027761055,329.31823027761055
77,329.31823027761055,329.31823027761055
78,329.31823027761055,329.31823027761055
79,329.31823027761055,329.31823027761055
80,329.31823027761055,329.31823027761055
81,329.31823027761055,329.31823027761055
82,329.31823027761055,329.31823027761055
83,329.31823027761055,329.31823027761055
84,329.31823027761055,329.31823027761055
85,329.31823027761055,329.31823027761055
86,329.31823027761055,329.31823027761055
87,329.31823027761055,329.31823027761055
88,329.31823027761055,329.31823027761055
89,329.31823027761055,329.31823027761055
90,329.31823027761055,329.31823027761055
91,329.31823027761055,329.31823027761055
92,329.31823027761055,329.31823027761055
93,329.31823027761055,329.31823027761055
94,329.31823027761055,329.31823027761055
95,329.31823027761055,329.31823027761055
96,329.31823027761055,329.31823027761055
97,329.31823027761055,329.31823027761055
98,329.31823027761055,329.31823027761055
99,329.31823027761055,329.31823027761055
100,329.31823027761055,329.31823027761055
101,329.31823027761055,329.31823027761055
102,329.31823027761055,329.31823027761055
103,329.31823027761055,329.31823027761055
104,329.31823027761055,329.31823027761055
105,329.31823027761055,329.31823027761055
106,329.31823027761055,329.31823027761055
107,329.31823027761055,329.31823027761055
108,329.31823027761055,329.31823027761055
109,329.31823027761055,329.31823027761055
110,329.31823027761055,329.31823027761055
111,329.31823027761055,329.31823027761055
112,329.31823027761055,329.31823027761055
113,329.31823027761055,329.31823027761055
114,329.31823027761055,329.31823027761055
115,329.31823027761055,329.31823027761055
116,329.31823027761055,329.31823027761055
117,329.31823027761055,329.31823027761055
118,329.31823027761055,329.31823027761055
119,329.31823027761055,329.31823027761055
120,329.31823027761055,329.31823027761055
121,329.31823027761055,329.31823027761055
122,329.31823027761055,329.31823027761055
123,329.31823027761055,329.31823027761055
124,329.31823027761055,329.31823027761055
125,329.31823027761055,329.31823027761055
126,329.31823027761055,329.31823027761055
127,329.31823027761055,329.31823027761055
128,329.31823027761055,329.31823027761055
129,329.31823027761055,329.31823027761055
130,329.31823027761055,329.31823027761055
131,329.31823027761055,329.31823027761055
132,329.31823027761055,329.31823027761055
133,329.31823027761055,329.31823027761055
134,329.31823027761055,329.31823027761055
135,329.31823027761055,329.31823027761055
136,329.31823027761055,329.31823027761055
137,329.31823027761055,329.31823027761055
138,329.31823027761055,329.31823027761055
139,329.31823027761055,329.31823027761055
140,329.31823027761055,329.31823027761055
141,329.31823027761055,329.31823027761055
142,329.31823027761055,329.31823027761055
143,329.31823027761055,329.31823027761055
144,329.31823027761055,329.31823027761055
145,329.31823027761055,329.31823027761055
146,329.31823027761055,329.31823027761055
147,329.31823027761055,329.31823027761055
148,329.31823027761055,329.31823027761055
149,329.31823027761055,329.31823027761055
150,329.31823027761055,329.31823027761055
151,329.31823027761055,329.31823027761055
152,329.31823027761055,329.31823027761055
153,329.31823027761055,329.31823027761055
154,329.31823027761055,329.31823027761055
155,329.31823027761055,329.31823027761055
156,329.31823027761055,329.31823027761055
157,329.31823027761055,329.31823027761055
158,329.31823027761055,329.31823027761055
159,329.31823027761055,329.31823027761055
160,329.31823027761055,329.31823027761055
161,329.31823027761055,329.31823027761055
162,329.31823027761055,329.31823027761055
163,329.31823027761055,329.31823027761055
164,329.31823027761055,329.31823027761055
165,329.31823027761055,329.31823027761055
166,329.31823027761055,329.31823027761055
167,329.31823027761055,329.31823027761055
168,329.31823027761055,329.31823027761055
169,329.31823027761055,329.31823027761055
170,329.31823027761055,329.31823027761055
171,329.31823027761055,329.31823027761055
172,329.31823027761055,329.31823027761055
173,329.31823027761055,329.31823027761055
174,329.31823027761055,329.31823027761055
175,329.31823027761055,329.31823027761055
176,329.31823027761055,329.31823027761055
177,329.31823027761055,329.31823027761055
178,329.31823027761055,329.31823027761055
179,329.31823027761055,329.31823027761055
180,329.31823027761055,329.31823027761055
181,329.31823027761055,329.31823027761055
182,329.31823027761055,329.31823027761055
183,329.31823027761055,329.31823027761055
184,329.31823027761055,329.31823027761055
185,329.31823027761055,329.31823027761055
186,329.31823027761055,329.31823027761055
187,329.31823027761055,329.31823027761055
188,329.31823027761055,329.31823027761055
189,329.31823027761055,329.31823027761055
190,329.31823027761055,329.31823027761055
191,329.31823027761055,329.31823027761055
192,329.31823027761055,329.31823027761055
193,329.31823027761055,329.31823027761055
194,329.31823027761055,329.31823027761055
195,329.31823027761055,329.31823027761055
196,329.31823027761055,329.31823027761055
197,329.31823027761055,329.31823027761055
198,329.31823027761055,329.31823027761055
199,329.31823027761055,329.31823027761055
200,329.31823027761055,329.31823027761055
201,329.31823027761055,329.31823027761055
202,329.31823027761055,329.31823027761055
203,329.31823027761055,329.31823027761055
204,329.31823027761055,329.31823027761055
205,329.31823027761055,329.31823027761055
206,329.31823027761055,329.31823027761055
207,329.31823027761055,329.31823027761055
208,329.31823027761055,329.31823027761055
209,329.31823027761055,329.31823027761055
210,329.31823027761055,329.31823027761055
211,329.31823027761055,329.31823027761055
212,329.31823027761055,329.31823027761055
213,329.31823027761055,329.31823027761055
214,329.31823027761055,329.31823027761055
215,329.31823027761055,329.31823027761055
216,329.31823027761055,329.31823027761055
217,329.31823027761055,329.31823027761055
218,329.31823027761055,329.31823027761055
219,329.31823027761055,329.31823027761055
220,329.31823027761055,329.31823027761055
221,329.31823027761055,329.31823027761055
222,329.31823027761055,329.31823027761055
223,329.31823027761055,329.31823027761055
224,329.31823027761055,329.31823027761055
225,329.31823027761055,329.31823027761055
226,329.31823027761055,329.31823027761055
227,329.31823027761055,329.31823027761055
228,329.31823027761055,329.31823027761055
229,329.31823027761055,329.31823027761055
230,329.31823027761055,329.31823027761055
231,329.31823027761055,329.31823027761055
232,329.31823027761055,329.31823027761055
233,329.31823027761055,329.31823027761055
234,329.31823027761055,329.31823027761055
235,329.31823027761055,329.31823027761055
236,329.31823027761055,329.31823027761055
237,329.31823027761055,329.31823027761055
238,329.31823027761055,329.31823027761055
239,329.31823027761055,329.31823027761055
240,329.31823027761055,329.31823027761055
241,329.31823027761055,329.31823027761055
242,329.31823027761055,329.31823027761055
243,329.31823027761055,329.31823027761055
244,329.31823027761055,329.31823027761055
245,329.31823027761055,329.31823027761055
246,329.31823027761055,329.31823027761055
247,329.31823027761055,329.31823027761055
248,329.31823027761055,329.31823027761055
249,329.31823027761055,329.31823027761055
250,329.31823027761055,329.31823027761055
251,329.31823027761055,329.31823027761055
252,329.31823027761055,329.31823027761055
253,329.31823027761055,329.31823027761055
254,329.31823027761055,329.31823027761055
255,329.31823027761055,329.31823027761055
256,329.31823027761055,329.31823027761055
257,329.31823027761055,329.31823027761055
258,329.31823027761055,329.31823027761055
259,329.31823027761055,329.31823027761055
260,329.31823027761055,329.31823027761055
261,329.31823027761055,329.31823027761055
262,329.31823027761055,329.31823027761055
263,329.31823027761055,329.31823027761055
264,329.31823027761055,329.31823027761055
265,329.31823027761055,329.31823027761055
266,329.31823027761055,329.31823027761055
267,329.31823027761055,329.31823027761055
268,329.31823027761055,329.31823027761055
269,329.31823027761055,329.31823027761055
270,329.31823027761055,329.31823027761055
271,329.31823027761055,329.31823027761055
272,329.31823027761055,329.31823027761055
273,329.31823027761055,329.31823027761055
274,329.31823027761055,329.31823027761055
275,329.31823027761055,329.31823027761055
276,329.31823027761055,329.31823027761055
277,329.31823027761055,329.31823027761055
278,329.31823027761055,329.31823027761055
279,329.31823027761055,329.31823027761055
280,329.31823027761055,329.31823027761055
281,329.31823027761055,329.31823027761055
282,329.31823027761055,329.31823027761055
283,329.31823027761055,329.31823027761055
284,329.31823027761055,329.31823027761055
285,329.31823027761055,329.31823027761055
286,329.31823027761055,329.31823027761055
287,329.31823027761055,329.31823027761055
288,329.31823027761055,329.31823027761055
289,329.31823027761055,329.31823027761055
290,329.31823027761055,329.31823027761055
291,329.31823027761055,329.31823027761055
292,329.31823027761055,329.31823027761055
293,329.31823027761055,329.31823027761055
294,329.31823027761055,329.31823027761055
295,329.31823027761055,329.31823027761055
296,329.31823027761055,329.31823027761055
297,329.31823027761055,329.31823027761055
298,329.31823027761055,329.31823027761055
299,329.31823027761055,329.31823027761055
300,329.31823027761055,329.31823027761055
301,329.31823027761055,329.31823027761055
302,329.31823027761055,329.31823027761055
303,329.31823027761055,329.31823027761055
304,329.31823027761055,329.31823027761055
305,329.31823027761055,329.31823027761055
306,329.31823027761055,329.31823027761055
307,329.31823027761055,329.31823027761055
308,329.31823027761055,329.31823027761055
309,329.31823027761055,329.31823027761055
310,329.31823027761055,329.31823027761055
311,329.31823027761055,329.31823027761055
312,329.31823027761055,329.31823027761055
313,329.31823027761055,329.31823027761055
314,329.31823027761055,329.31823027761055
315,329.31823027761055,329.31823027761055
316,329.31823027761055,329.31823027761055
317,329.31823027761055,329.31823027761055
318,329.31823027761055,329.31823027761055
319,329.31823027761055,329.31823027761055
320,329.31823027761055,329.31823027761055
321,329.31823027761055,329.31823027761055
322,329.31823027761055,329.31823027761055
323,329.31823027761055,329.31823027761055
324,329.31823027761055,329.31823027761055
325,329.31823027761055,329.31823027761055
326,329.31823027761055,329.31823027761055
327,329.31823027761055,329.31823027761055
328,329.31823027761055,329.31823027761055
329,329.31823027761055,329.31823027761055
330,329.31823027761055,329.31823027761055
331,329.31823027761055,329.31823027761055
332,329.31823027761055,329.31823027761055
333,329.31823027761055,329.31823027761055
334,329.31823027761055,329.31823027761055
335,329.31823027761055,329.31823027761055
336,329.31823027761055,329.31823027761055
337,329.31823027761055,329.31823027761055
338,329.31823027761055,329.31823027761055
339,329.31823027761055,329.31823027761055
340,329.31823027761055,329.31823027761055
341,329.31823027761055,329.31823027761055
342,329.31823027761055,329.31823027761055
343,329.31823027761055,329.31823027761055
344,329.31823027761055,329.31823027761055
345,329.31823027761055,329.31823027761055
346,329.31823027761055,329.31823027761055
347,329.31823027761055,329.31823027761055
348,329.31823027761055,329.31823027761055
349,329.31823027761055,329.31823027761055
350,329.31823027761055,329.31823027761055
351,329.31823027761055,329.31823027761055
352,329.31823027761055,329.31823027761055
353,329.31823027761055,329.31823027761055
354,329.31823027761055,329.31823027761055
355,329.31823027761055,329.31823027761055
356,329.31823027761055,329.31823027761055
357,329.31823027761055,329.31823027761055
358,329.31823027761055,329.31823027761055
359,329.31823027761055,329.31823027761055
360,329.31823027761055,329.31823027761055
361,329.31823027761055,329.31823027761055
362,329.31823027761055,329.31823027761055
363,329.31823027761055,329.31823027761055
364,329.31823027761055,329.31823027761055
365,329.31823027761055,329.31823027761055
366,329.31823027761055,329.31823027761055
367,329.31823027761055,329.31823027761055
368,329.31823027761055,329.31823027761055
369,329.31823027761055,329.31823027761055
370,329.31823027761055,329.31823027761055
371,329.31823027761055,329.31823027761055
372,329.31823027761055,329.31823027761055
373,329.31823027761055,329.31823027761055
374,329.31823027761055,329.31823027761055
375,329.31823027761055,329.31823027761055
376,329.31823027761055,329.31823027761055
377,329.31823027761055,329.31823027761055
378,329.31823027761055,329.31823027761055
379,329.31823027761055,329.31823027761055
380,329.31823027761055,329.31823027761055
381,329.31823027761055,329.31823027761055
382,329.31823027761055,329.31823027761055
383,329.31823027761055,329.31823027761055
384,329.31823027761055,329.31823027761055
385,329.31823027761055,329.31823027761055
386,329.31823027761055,329.31823027761055
387,329.31823027761055,329.31823027761055
388,329.31823027761055,329.31823027761055
389,329.31823027761055,329.31823027761055
390,329.31823027761055,329.31823027761055
391,329.31823027761055,329.31823027761055
392,329.31823027761055,329.31823027761055
393,329.31823027761055,329.31823027761055
394,329.31823027761055,329.31823027761055
395,329.31823027761055,329.31823027761055
396,329.31823027761055,329.31823027761055
397,329.31823027761055,329.31823027761055
398,329.31823027761055,329.31823027761055
399,329.31823027761055,329.31823027761055
400,329.31823027761055,329.31823027761055
401,329.31823027761055,329.31823027761055
402,329.31823027761055,329.31823027761055
403,329.31823027761055,329.31823027761055
404,329.31823027761055,329.31823027761055
405,329.31823027761055,329.31823027761055
406,329.31823027761055,329.31823027761055
407,329.31823027761055,329.31823027761055
408,329.31823027761055,329.31823027761055
409,329.31823027761055,329.31823027761055
410,329.31823027761055,329.31823027761055
411,329.31823027761055,329.31823027761055
412,329.31823027761055,329.31823027761055
413,329.31823027761055,329.31823027761055
414,329.31823027761055,329.31823027761055
415,329.31823027761055,329.31823027761055
416,329.31823027761055,329.31823027761055
417,329.31823027761055,329.31823027761055
418,329.31823027761055,329.31823027761055
419,329.31823027761055,329.31823027761055
420,329.31823027761055,329.31823027761055
421,329.31823027761055,329.31823027761055
422,329.31823027761055,329.31823027761055
423,329.31823027761055,329.31823027761055
424,329.31823027761055,329.31823027761055
425,329.31823027761055,329.31823027761055
426,329.31823027761055,329.31823027761055
427,329.31823027761055,329.31823027761055
428,329.31823027761055,329.31823027761055
429,329.31823027761055,329.31823027761055
430,329.31823027761055,329.31823027761055
431,329.31823027761055,329.31823027761055
432,329.31823027761055,329.31823027761055
433,329.31823027761055,329.31823027761055
434,329.31823027761055,329.31823027761055
435,329.31823027761055,329.31823027761055
436,329.31823027761055,329.31823027761055
437,329.31823027761055,329.31823027761055
438,329.31823027761055,329.31823027761055
439,329.31823027761055,329.31823027761055
440,329.31823027761055,329.31823027761055
441,329.31823027761055,329.31823027761055
442,329.31823027761055,329.31823027761055
443,329.31823027761055,329.31823027761055
444,329.31823027761055,329.31823027761055
445,329.31823027761055,329.31823027761055
446,329.31823027761055,329.31823027761055
447,329.31823027761055,329.31823027761055
448,329.31823027761055,329.31823027761055
449,329.31823027761055,329.31823027761055
450,329.31823027761055,329.31823027761055
451,329.31823027761055,329.31823027761055
452,329.31823027761055,329.31823027761055
453,329.31823027761055,329.31823027761055
454,329.31823027761055,329.31823027761055
455,329.31823027761055,329.31823027761055
456,329.31823027761055,329.31823027761055
457,329.31823027761055,329.31823027761055
458,329.31823027761055,329.31823027761055
459,329.31823027761055,329.31823027761055
460,329.31823027761055,329.31823027761055
461,329.31823027761055,329.31823027761055
462,329.31823027761055,329.31823027761055
463,329.31823027761055,329.31823027761055
464,329.31823027761055,329.31823027761055
465,329.31823027761055,329.31823027761055
466,329.31823027761055,329.31823027761055
467,329.31823027761055,329.31823027761055
468,329.31823027761055,329.31823027761055
469,329.31823027761055,329.31823027761055
470,329.31823027761055,329.31823027761055
471,329.31823027761055,329.31823027761055
472,329.31823027761055,329.31823027761055
473,329.31823027761055,329.31823027761055
474,329.31823027761055,329.31823027761055
475,329.31823027761055,329.31823027761055
476,329.31823027761055,329.31823027761055
477,329.31823027761055,329.31823027761055
478,329.31823027761055,329.31823027761055
479,329.31823027761055,329.31823027761055
480,329.31823027761055,329.31823027761055
481,329.31823027761055,329.31823027761055
482,329.31823027761055,329.31823027761055
483,329.31823027761055,329.31823027761055
484,329.31823027761055,329.31823027761055
485,329.31823027761055,329.31823027761055
486,329.31823027761055,329.31823027761055
487,329.31823027761055,329.31823027761055
488,329.31823027761055,329.31823027761055
489,329.31823027761055,329.31823027761055
490,329.31823027761055,329.31823027761055
491,329.31823027761055,329.31823027761055
492,329.31823027761055,329.31823027761055
493,329.31823027761055,329.31823027761055
494,329.31823027761055,329.31823027761055
495,329.31823027761055,329.31823027761055
496,329.31823027761055,329.31823027761055
497,329.31823027761055,329.31823027761055
498,329.31823027761055,329.31823027761055
499,329.31823027761055,329.31823027761055
500,329.31823027761055,329.31823027761055
