ejecucion,repeticion,capacidad,metodo,poblacion,tasa_mutacion,elitismo,max_generaciones,semilla,mejor_individuo,objetos_seleccionados,peso_total,valor_total,fitness,generacion_mejor,generaciones_ejecutadas,tiempo_segundos
1,1,30,penalizacion,100,0.1,2,500,2026,"[1, 1, 1, 1, 0, 0, 0, 0, 1, 0, 1, 0, 1, 0, 1]","[""Laptop"", ""Cámara"", ""Tablet"", ""Botiquín"", ""Radio"", ""Batería"", ""GPS"", ""Cuaderno""]",30,422,422,24,500,4.683410999998159
2,2,30,penalizacion,100,0.1,2,500,2027,"[1, 1, 1, 1, 0, 0, 0, 0, 1, 0, 1, 0, 1, 0, 1]","[""Laptop"", ""Cámara"", ""Tablet"", ""Botiquín"", ""Radio"", ""Batería"", ""GPS"", ""Cuaderno""]",30,422,422,15,500,3.9837393000016164
3,3,30,penalizacion,100,0.1,2,500,2028,"[1, 1, 1, 1, 0, 0, 0, 0, 1, 0, 1, 0, 1, 0, 1]","[""Laptop"", ""Cámara"", ""Tablet"", ""Botiquín"", ""Radio"", ""Batería"", ""GPS"", ""Cuaderno""]",30,422,422,20,500,4.215644200001407
4,4,30,penalizacion,100,0.1,2,500,2029,"[1, 1, 1, 1, 0, 0, 0, 0, 1, 0, 1, 0, 1, 0, 1]","[""Laptop"", ""Cámara"", ""Tablet"", ""Botiquín"", ""Radio"", ""Batería"", ""GPS"", ""Cuaderno""]",30,422,422,21,500,4.037597399998049
5,5,30,penalizacion,100,0.1,2,500,2030,"[1, 1, 1, 1, 0, 0, 0, 0, 1, 0, 1, 0, 1, 0, 1]","[""Laptop"", ""Cámara"", ""Tablet"", ""Botiquín"", ""Radio"", ""Batería"", ""GPS"", ""Cuaderno""]",30,422,422,9,500,4.032725699998991
6,6,30,penalizacion,100,0.1,2,500,2031,"[1, 1, 1, 1, 0, 0, 0, 0, 1, 0, 1, 0, 1, 0, 1]","[""Laptop"", ""Cámara"", ""Tablet"", ""Botiquín"", ""Radio"", ""Batería"", ""GPS"", ""Cuaderno""]",30,422,422,12,500,3.9162053000000014
7,7,30,penalizacion,100,0.1,2,500,2032,"[1, 1, 1, 1, 0, 0, 0, 0, 1, 0, 1, 0, 1, 0, 1]","[""Laptop"", ""Cámara"", ""Tablet"", ""Botiquín"", ""Radio"", ""Batería"", ""GPS"", ""Cuaderno""]",30,422,422,15,500,4.018527699998231
8,8,30,penalizacion,100,0.1,2,500,2033,"[1, 1, 1, 1, 0, 0, 0, 0, 1, 0, 1, 0, 1, 0, 1]","[""Laptop"", ""Cámara"", ""Tablet"", ""Botiquín"", ""Radio"", ""Batería"", ""GPS"", ""Cuaderno""]",30,422,422,18,500,4.134444899998925
9,9,30,penalizacion,100,0.1,2,500,2034,"[1, 1, 1, 1, 0, 0, 0, 0, 1, 0, 1, 0, 1, 0, 1]","[""Laptop"", ""Cámara"", ""Tablet"", ""Botiquín"", ""Radio"", ""Batería"", ""GPS"", ""Cuaderno""]",30,422,422,7,500,4.402278599998681
10,10,30,penalizacion,100,0.1,2,500,2035,"[1, 1, 1, 1, 0, 0, 0, 0, 1, 0, 1, 0, 1, 0, 1]","[""Laptop"", ""Cámara"", ""Tablet"", ""Botiquín"", ""Radio"", ""Batería"", ""GPS"", ""Cuaderno""]",30,422,422,8,500,4.035183699998015
11,1,30,reparacion,100,0.1,2,500,2026,"[1, 1, 1, 1, 0, 0, 0, 0, 1, 0, 1, 0, 1, 0, 1]","[""Laptop"", ""Cámara"", ""Tablet"", ""Botiquín"", ""Radio"", ""Batería"", ""GPS"", ""Cuaderno""]",30,422,422,1,500,5.517577499998879
12,2,30,reparacion,100,0.1,2,500,2027,"[1, 1, 1, 1, 0, 0, 0, 0, 1, 0, 1, 0, 1, 0, 1]","[""Laptop"", ""Cámara"", ""Tablet"", ""Botiquín"", ""Radio"", ""Batería"", ""GPS"", ""Cuaderno""]",30,422,422,4,500,5.450654799999029
13,3,30,reparacion,100,0.1,2,500,2028,"[1, 1, 1, 1, 0, 0, 0, 0, 1, 0, 1, 0, 1, 0, 1]","[""Laptop"", ""Cámara"", ""Tablet"", ""Botiquín"", ""Radio"", ""Batería"", ""GPS"", ""Cuaderno""]",30,422,422,2,500,5.35101880000002
14,4,30,reparacion,100,0.1,2,500,2029,"[1, 1, 1, 1, 0, 0, 0, 0, 1, 0, 1, 0, 1, 0, 1]","[""Laptop"", ""Cámara"", ""Tablet"", ""Botiquín"", ""Radio"", ""Batería"", ""GPS"", ""Cuaderno""]",30,422,422,1,500,5.450181000000157
15,5,30,reparacion,100,0.1,2,500,2030,"[1, 1, 1, 1, 0, 0, 0, 0, 1, 0, 1, 0, 1, 0, 1]","[""Laptop"", ""Cámara"", ""Tablet"", ""Botiquín"", ""Radio"", ""Batería"", ""GPS"", ""Cuaderno""]",30,422,422,2,500,5.567669600000954
16,6,30,reparacion,100,0.1,2,500,2031,"[1, 1, 1, 1, 0, 0, 0, 0, 1, 0, 1, 0, 1, 0, 1]","[""Laptop"", ""Cámara"", ""Tablet"", ""Botiquín"", ""Radio"", ""Batería"", ""GPS"", ""Cuaderno""]",30,422,422,1,500,5.814569699999993
17,7,30,reparacion,100,0.1,2,500,2032,"[1, 1, 1, 1, 0, 0, 0, 0, 1, 0, 1, 0, 1, 0, 1]","[""Laptop"", ""Cámara"", ""Tablet"", ""Botiquín"", ""Radio"", ""Batería"", ""GPS"", ""Cuaderno""]",30,422,422,2,500,6.135585200001515
18,8,30,reparacion,100,0.1,2,500,2033,"[1, 1, 1, 1, 0, 0, 0, 0, 1, 0, 1, 0, 1, 0, 1]","[""Laptop"", ""Cámara"", ""Tablet"", ""Botiquín"", ""Radio"", ""Batería"", ""GPS"", ""Cuaderno""]",30,422,422,1,500,5.403614499999094
19,9,30,reparacion,100,0.1,2,500,2034,"[1, 1, 1, 1, 0, 0, 0, 0, 1, 0, 1, 0, 1, 0, 1]","[""Laptop"", ""Cámara"", ""Tablet"", ""Botiquín"", ""Radio"", ""Batería"", ""GPS"", ""Cuaderno""]",30,422,422,1,500,5.487787300000491
20,10,30,reparacion,100,0.1,2,500,2035,"[1, 1, 1, 1, 0, 0, 0, 0, 1, 0, 1, 0, 1, 0, 1]","[""Laptop"", ""Cámara"", ""Tablet"", ""Botiquín"", ""Radio"", ""Batería"", ""GPS"", ""Cuaderno""]",30,422,422,1,500,5.460416499998246
21,1,45,penalizacion,100,0.1,2,500,2026,"[1, 1, 1, 1, 0, 1, 1, 1, 1, 0, 1, 0, 1, 0, 1]","[""Laptop"", ""Cámara"", ""Tablet"", ""Botiquín"", ""Agua"", ""Alimentos"", ""Linterna"", ""Radio"", ""Batería"", ""GPS"", ""Cuaderno""]",45,552,552,9,500,4.17535190000126
22,2,45,penalizacion,100,0.1,2,500,2027,"[1, 1, 1, 1, 0, 1, 1, 1, 1, 0, 1, 0, 1, 0, 1]","[""Laptop"", ""Cámara"", ""Tablet"", ""Botiquín"", ""Agua"", ""Alimentos"", ""Linterna"", ""Radio"", ""Batería"", ""GPS"", ""Cuaderno""]",45,552,552,16,500,4.261049900000216
23,3,45,penalizacion,100,0.1,2,500,2028,"[1, 1, 1, 1, 0, 1, 1, 1, 1, 0, 1, 0, 1, 0, 1]","[""Laptop"", ""Cámara"", ""Tablet"", ""Botiquín"", ""Agua"", ""Alimentos"", ""Linterna"", ""Radio"", ""Batería"", ""GPS"", ""Cuaderno""]",45,552,552,53,500,4.243927300001815
24,4,45,penalizacion,100,0.1,2,500,2029,"[1, 1, 1, 1, 0, 1, 1, 1, 1, 0, 1, 0, 1, 0, 1]","[""Laptop"", ""Cámara"", ""Tablet"", ""Botiquín"", ""Agua"", ""Alimentos"", ""Linterna"", ""Radio"", ""Batería"", ""GPS"", ""Cuaderno""]",45,552,552,11,500,4.107694900001661
25,5,45,penalizacion,100,0.1,2,500,2030,"[1, 1, 1, 1, 0, 1, 1, 1, 1, 0, 1, 0, 1, 0, 1]","[""Laptop"", ""Cámara"", ""Tablet"", ""Botiquín"", ""Agua"", ""Alimentos"", ""Linterna"", ""Radio"", ""Batería"", ""GPS"", ""Cuaderno""]",45,552,552,11,500,4.055925499997102
26,6,45,penalizacion,100,0.1,2,500,2031,"[1, 1, 1, 1, 0, 1, 1, 1, 1, 0, 1, 0, 1, 0, 1]","[""Laptop"", ""Cámara"", ""Tablet"", ""Botiquín"", ""Agua"", ""Alimentos"", ""Linterna"", ""Radio"", ""Batería"", ""GPS"", ""Cuaderno""]",45,552,552,19,500,4.180335700002615
27,7,45,penalizacion,100,0.1,2,500,2032,"[1, 1, 1, 1, 0, 1, 1, 1, 1, 0, 1, 0, 1, 0, 1]","[""Laptop"", ""Cámara"", ""Tablet"", ""Botiquín"", ""Agua"", ""Alimentos"", ""Linterna"", ""Radio"", ""Batería"", ""GPS"", ""Cuaderno""]",45,552,552,31,500,3.9487501999974484
28,8,45,penalizacion,100,0.1,2,500,2033,"[1, 1, 1, 1, 0, 1, 1, 1, 1, 0, 1, 0, 1, 0, 1]","[""Laptop"", ""Cámara"", ""Tablet"", ""Botiquín"", ""Agua"", ""Alimentos"", ""Linterna"", ""Radio"", ""Batería"", ""GPS"", ""Cuaderno""]",45,552,552,60,500,4.090713400000823
29,9,45,penalizacion,100,0.1,2,500,2034,"[1, 1, 1, 1, 0, 1, 1, 1, 1, 0, 1, 0, 1, 0, 1]","[""Laptop"", ""Cámara"", ""Tablet"", ""Botiquín"", ""Agua"", ""Alimentos"", ""Linterna"", ""Radio"", ""Batería"", ""GPS"", ""Cuaderno""]",45,552,552,7,500,4.0948554999995395
30,10,45,penalizacion,100,0.1,2,500,2035,"[1, 1, 1, 1, 0, 1, 1, 1, 1, 0, 1, 0, 1, 0, 1]","[""Laptop"", ""Cámara"", ""Tablet"", ""Botiquín"", ""Agua"", ""Alimentos"", ""Linterna"", ""Radio"", ""Batería"", ""GPS"", ""Cuaderno""]",45,552,552,36,500,4.114770500000304
31,1,45,reparacion,100,0.1,2,500,2026,"[1, 1, 1, 1, 0, 1, 1, 1, 1, 0, 1, 0, 1, 0, 1]","[""Laptop"", ""Cámara"", ""Tablet"", ""Botiquín"", ""Agua"", ""Alimentos"", ""Linterna"", ""Radio"", ""Batería"", ""GPS"", ""Cuaderno""]",45,552,552,6,500,5.583994799999346
32,2,45,reparacion,100,0.1,2,500,2027,"[1, 1, 1, 1, 0, 1, 1, 1, 1, 0, 1, 0, 1, 0, 1]","[""Laptop"", ""Cámara"", ""Tablet"", ""Botiquín"", ""Agua"", ""Alimentos"", ""Linterna"", ""Radio"", ""Batería"", ""GPS"", ""Cuaderno""]",45,552,552,4,500,5.91769690000001
33,3,45,reparacion,100,0.1,2,500,2028,"[1, 1, 1, 1, 0, 1, 1, 1, 1, 0, 1, 0, 1, 0, 1]","[""Laptop"", ""Cámara"", ""Tablet"", ""Botiquín"", ""Agua"", ""Alimentos"", ""Linterna"", ""Radio"", ""Batería"", ""GPS"", ""Cuaderno""]",45,552,552,4,500,5.676978999999847
34,4,45,reparacion,100,0.1,2,500,2029,"[1, 1, 1, 1, 0, 1, 1, 1, 1, 0, 1, 0, 1, 0, 1]","[""Laptop"", ""Cámara"", ""Tablet"", ""Botiquín"", ""Agua"", ""Alimentos"", ""Linterna"", ""Radio"", ""Batería"", ""GPS"", ""Cuaderno""]",45,552,552,4,500,5.738168500000029
35,5,45,reparacion,100,0.1,2,500,2030,"[1, 1, 1, 1, 0, 1, 1, 1, 1, 0, 1, 0, 1, 0, 1]","[""Laptop"", ""Cámara"", ""Tablet"", ""Botiquín"", ""Agua"", ""Alimentos"", ""Linterna"", ""Radio"", ""Batería"", ""GPS"", ""Cuaderno""]",45,552,552,6,500,5.721230600000126
36,6,45,reparacion,100,0.1,2,500,2031,"[1, 1, 1, 1, 0, 1, 1, 1, 1, 0, 1, 0, 1, 0, 1]","[""Laptop"", ""Cámara"", ""Tablet"", ""Botiquín"", ""Agua"", ""Alimentos"", ""Linterna"", ""Radio"", ""Batería"", ""GPS"", ""Cuaderno""]",45,552,552,33,500,5.752199300000939
37,7,45,reparacion,100,0.1,2,500,2032,"[1, 1, 1, 1, 0, 1, 1, 1, 1, 0, 1, 0, 1, 0, 1]","[""Laptop"", ""Cámara"", ""Tablet"", ""Botiquín"", ""Agua"", ""Alimentos"", ""Linterna"", ""Radio"", ""Batería"", ""GPS"", ""Cuaderno""]",45,552,552,9,500,6.026564200001303
38,8,45,reparacion,100,0.1,2,500,2033,"[1, 1, 1, 1, 0, 1, 1, 1, 1, 0, 1, 0, 1, 0, 1]","[""Laptop"", ""Cámara"", ""Tablet"", ""Botiquín"", ""Agua"", ""Alimentos"", ""Linterna"", ""Radio"", ""Batería"", ""GPS"", ""Cuaderno""]",45,552,552,6,500,5.848881000001711
39,9,45,reparacion,100,0.1,2,500,2034,"[1, 1, 1, 1, 0, 1, 1, 1, 1, 0, 1, 0, 1, 0, 1]","[""Laptop"", ""Cámara"", ""Tablet"", ""Botiquín"", ""Agua"", ""Alimentos"", ""Linterna"", ""Radio"", ""Batería"", ""GPS"", ""Cuaderno""]",45,552,552,7,500,5.524573100003181
40,10,45,reparacion,100,0.1,2,500,2035,"[1, 1, 1, 1, 0, 1, 1, 1, 1, 0, 1, 0, 1, 0, 1]","[""Laptop"", ""Cámara"", ""Tablet"", ""Botiquín"", ""Agua"", ""Alimentos"", ""Linterna"", ""Radio"", ""Batería"", ""GPS"", ""Cuaderno""]",45,552,552,8,500,5.630812799998239
