generacion,mejor_valor_valido,mejor_fitness_generacion,individuos_validos
0,525,525,70
1,525,525,77
2,525,525,76
3,525,525,81
4,525,525,78
5,525,525,77
6,540,540,77
7,540,540,74
8,540,540,73
9,552,552,73
10,552,552,75
11,552,552,80
12,552,552,75
13,552,552,75
14,552,552,77
15,552,552,80
16,552,552,83
17,552,552,82
18,552,552,76
19,552,552,68
20,552,552,78
21,552,552,73
22,552,552,74
23,552,552,69
24,552,552,74
25,552,552,68
26,552,552,81
27,552,552,72
28,552,552,74
29,552,552,86
30,552,552,67
31,552,552,82
32,552,552,86
33,552,552,74
34,552,552,79
35,552,552,72
36,552,552,82
37,552,552,74
38,552,552,82
39,552,552,78
40,552,552,72
41,552,552,69
42,552,552,78
43,552,552,78
44,552,552,73
45,552,552,83
46,552,552,75
47,552,552,72
48,552,552,74
49,552,552,80
50,552,552,74
51,552,552,76
52,552,552,75
53,552,552,69
54,552,552,73
55,552,552,73
56,552,552,78
57,552,552,67
58,552,552,70
59,552,552,75
60,552,552,69
61,552,552,77
62,552,552,71
63,552,552,81
64,552,552,76
65,552,552,66
66,552,552,74
67,552,552,81
68,552,552,71
69,552,552,74
70,552,552,71
71,552,552,74
72,552,552,73
73,552,552,80
74,552,552,69
75,552,552,78
76,552,552,75
77,552,552,72
78,552,552,83
79,552,552,79
80,552,552,84
81,552,552,77
82,552,552,68
83,552,552,80
84,552,552,77
85,552,552,73
86,552,552,76
87,552,552,72
88,552,552,68
89,552,552,78
90,552,552,70
91,552,552,80
92,552,552,82
93,552,552,79
94,552,552,82
95,552,552,77
96,552,552,78
97,552,552,71
98,552,552,70
99,552,552,75
100,552,552,84
101,552,552,77
102,552,552,74
103,552,552,77
104,552,552,79
105,552,552,74
106,552,552,74
107,552,552,74
108,552,552,72
109,552,552,83
110,552,552,74
111,552,552,72
112,552,552,82
113,552,552,67
114,552,552,74
115,552,552,79
116,552,552,73
117,552,552,67
118,552,552,77
119,552,552,74
120,552,552,74
121,552,552,76
122,552,552,79
123,552,552,75
124,552,552,69
125,552,552,75
126,552,552,77
127,552,552,81
128,552,552,71
129,552,552,82
130,552,552,81
131,552,552,77
132,552,552,81
133,552,552,77
134,552,552,82
135,552,552,75
136,552,552,75
137,552,552,71
138,552,552,80
139,552,552,80
140,552,552,72
141,552,552,74
142,552,552,66
143,552,552,73
144,552,552,79
145,552,552,74
146,552,552,79
147,552,552,80
148,552,552,74
149,552,552,81
150,552,552,76
151,552,552,73
152,552,552,74
153,552,552,79
154,552,552,75
155,552,552,81
156,552,552,79
157,552,552,77
158,552,552,77
159,552,552,83
160,552,552,72
161,552,552,76
162,552,552,72
163,552,552,81
164,552,552,79
165,552,552,74
166,552,552,68
167,552,552,67
168,552,552,76
169,552,552,77
170,552,552,72
171,552,552,76
172,552,552,80
173,552,552,68
174,552,552,68
175,552,552,78
176,552,552,72
177,552,552,76
178,552,552,73
179,552,552,78
180,552,552,73
181,552,552,78
182,552,552,76
183,552,552,72
184,552,552,75
185,552,552,73
186,552,552,77
187,552,552,80
188,552,552,78
189,552,552,76
190,552,552,71
191,552,552,69
192,552,552,73
193,552,552,81
194,552,552,73
195,552,552,76
196,552,552,70
197,552,552,80
198,552,552,70
199,552,552,73
200,552,552,75
201,552,552,78
202,552,552,78
203,552,552,74
204,552,552,63
205,552,552,82
206,552,552,74
207,552,552,76
208,552,552,78
209,552,552,73
210,552,552,77
211,552,552,74
212,552,552,73
213,552,552,73
214,552,552,72
215,552,552,77
216,552,552,74
217,552,552,74
218,552,552,76
219,552,552,74
220,552,552,78
221,552,552,75
222,552,552,80
223,552,552,70
224,552,552,69
225,552,552,86
226,552,552,78
227,552,552,69
228,552,552,69
229,552,552,76
230,552,552,75
231,552,552,78
232,552,552,76
233,552,552,78
234,552,552,73
235,552,552,70
236,552,552,68
237,552,552,82
238,552,552,73
239,552,552,82
240,552,552,79
241,552,552,80
242,552,552,79
243,552,552,78
244,552,552,72
245,552,552,78
246,552,552,83
247,552,552,72
248,552,552,72
249,552,552,84
250,552,552,80
251,552,552,70
252,552,552,81
253,552,552,74
254,552,552,83
255,552,552,71
256,552,552,76
257,552,552,76
258,552,552,74
259,552,552,69
260,552,552,73
261,552,552,80
262,552,552,86
263,552,552,82
264,552,552,72
265,552,552,71
266,552,552,82
267,552,552,80
268,552,552,76
269,552,552,80
270,552,552,84
271,552,552,76
272,552,552,81
273,552,552,73
274,552,552,76
275,552,552,77
276,552,552,76
277,552,552,83
278,552,552,82
279,552,552,72
280,552,552,79
281,552,552,68
282,552,552,73
283,552,552,71
284,552,552,72
285,552,552,69
286,552,552,79
287,552,552,76
288,552,552,82
289,552,552,80
290,552,552,79
291,552,552,78
292,552,552,74
293,552,552,73
294,552,552,80
295,552,552,69
296,552,552,79
297,552,552,72
298,552,552,83
299,552,552,78
300,552,552,76
301,552,552,76
302,552,552,72
303,552,552,78
304,552,552,77
305,552,552,82
306,552,552,76
307,552,552,70
308,552,552,79
309,552,552,77
310,552,552,74
311,552,552,78
312,552,552,79
313,552,552,78
314,552,552,76
315,552,552,77
316,552,552,70
317,552,552,75
318,552,552,75
319,552,552,82
320,552,552,65
321,552,552,73
322,552,552,72
323,552,552,76
324,552,552,74
325,552,552,74
326,552,552,79
327,552,552,75
328,552,552,73
329,552,552,73
330,552,552,69
331,552,552,73
332,552,552,85
333,552,552,72
334,552,552,76
335,552,552,85
336,552,552,73
337,552,552,69
338,552,552,77
339,552,552,72
340,552,552,73
341,552,552,78
342,552,552,77
343,552,552,80
344,552,552,77
345,552,552,74
346,552,552,81
347,552,552,80
348,552,552,79
349,552,552,73
350,552,552,75
351,552,552,79
352,552,552,78
353,552,552,80
354,552,552,82
355,552,552,72
356,552,552,76
357,552,552,69
358,552,552,72
359,552,552,75
360,552,552,76
361,552,552,73
362,552,552,73
363,552,552,72
364,552,552,80
365,552,552,72
366,552,552,70
367,552,552,72
368,552,552,71
369,552,552,73
370,552,552,81
371,552,552,73
372,552,552,71
373,552,552,70
374,552,552,63
375,552,552,74
376,552,552,78
377,552,552,71
378,552,552,73
379,552,552,75
380,552,552,74
381,552,552,77
382,552,552,72
383,552,552,68
384,552,552,73
385,552,552,72
386,552,552,71
387,552,552,78
388,552,552,75
389,552,552,71
390,552,552,64
391,552,552,74
392,552,552,74
393,552,552,80
394,552,552,72
395,552,552,79
396,552,552,71
397,552,552,79
398,552,552,76
399,552,552,76
400,552,552,78
401,552,552,78
402,552,552,70
403,552,552,72
404,552,552,84
405,552,552,73
406,552,552,85
407,552,552,78
408,552,552,71
409,552,552,80
410,552,552,81
411,552,552,81
412,552,552,72
413,552,552,74
414,552,552,76
415,552,552,68
416,552,552,79
417,552,552,80
418,552,552,78
419,552,552,76
420,552,552,70
421,552,552,79
422,552,552,75
423,552,552,74
424,552,552,80
425,552,552,73
426,552,552,74
427,552,552,77
428,552,552,73
429,552,552,85
430,552,552,83
431,552,552,75
432,552,552,75
433,552,552,75
434,552,552,84
435,552,552,72
436,552,552,74
437,552,552,75
438,552,552,76
439,552,552,67
440,552,552,73
441,552,552,77
442,552,552,77
443,552,552,77
444,552,552,78
445,552,552,69
446,552,552,76
447,552,552,76
448,552,552,69
449,552,552,74
450,552,552,79
451,552,552,73
452,552,552,77
453,552,552,76
454,552,552,68
455,552,552,76
456,552,552,77
457,552,552,78
458,552,552,76
459,552,552,71
460,552,552,80
461,552,552,78
462,552,552,69
463,552,552,70
464,552,552,69
465,552,552,83
466,552,552,68
467,552,552,78
468,552,552,78
469,552,552,73
470,552,552,84
471,552,552,74
472,552,552,73
473,552,552,79
474,552,552,76
475,552,552,82
476,552,552,75
477,552,552,81
478,552,552,74
479,552,552,74
480,552,552,79
481,552,552,82
482,552,552,77
483,552,552,72
484,552,552,69
485,552,552,83
486,552,552,70
487,552,552,79
488,552,552,77
489,552,552,76
490,552,552,73
491,552,552,80
492,552,552,82
493,552,552,79
494,552,552,74
495,552,552,71
496,552,552,80
497,552,552,73
498,552,552,82
499,552,552,75
500,552,552,68
